"","Recipient","Sector","Year","Value"
"1","Europe, Total","Basic health infrastructure",2010,85.53458
"2","Europe, Total","Basic health infrastructure",2011,10.665107
"3","Europe, Total","Basic health infrastructure",2012,5.622707
"4","Europe, Total","Basic health infrastructure",2013,3.811014
"5","Europe, Total","Basic health infrastructure",2014,12.798344
"6","Europe, Total","Basic health infrastructure",2015,2.539432
"7","Europe, Total","Basic health infrastructure",2016,56.086188
"8","Europe, Total","Basic health infrastructure",2017,183.100021
"9","Europe, Total","Basic health infrastructure",2018,71.589798
"10","Europe, Total","Basic health infrastructure",2019,27.492067
"11","Comoros","Basic health infrastructure",2012,0.122257
"12","Comoros","Basic health infrastructure",2013,0.248325
"13","Comoros","Basic health infrastructure",2015,0.110926
"14","Comoros","Basic health infrastructure",2017,0.118376
"15","Comoros","Basic health infrastructure",2018,3e-06
"16","Honduras","Basic health infrastructure",2010,0.019419
"17","Honduras","Basic health infrastructure",2011,0.554973
"18","Honduras","Basic health infrastructure",2012,0.543516
"19","Honduras","Basic health infrastructure",2013,0.154639
"20","Honduras","Basic health infrastructure",2014,6.191674
"21","Honduras","Basic health infrastructure",2015,0.375629
"22","Honduras","Basic health infrastructure",2016,0.16706
"23","Honduras","Basic health infrastructure",2017,0.230149
"24","Honduras","Basic health infrastructure",2018,0.255507
"25","South America, Total","Basic health infrastructure",2010,16.782706
"26","South America, Total","Basic health infrastructure",2011,13.065133
"27","South America, Total","Basic health infrastructure",2012,8.080061
"28","South America, Total","Basic health infrastructure",2013,26.922209
"29","South America, Total","Basic health infrastructure",2014,19.189692
"30","South America, Total","Basic health infrastructure",2015,1.120429
"31","South America, Total","Basic health infrastructure",2016,3.455212
"32","South America, Total","Basic health infrastructure",2017,51.388967
"33","South America, Total","Basic health infrastructure",2018,40.781831
"34","South America, Total","Basic health infrastructure",2019,0.010575
"35","Brazil","Basic health infrastructure",2010,1.256458
"36","Brazil","Basic health infrastructure",2011,4.044839
"37","Brazil","Basic health infrastructure",2012,1.486712
"38","Brazil","Basic health infrastructure",2013,0.094243
"39","Brazil","Basic health infrastructure",2014,0.190164
"40","Brazil","Basic health infrastructure",2016,1.358503
"41","Brazil","Basic health infrastructure",2017,0.484183
"42","Brazil","Basic health infrastructure",2018,0.140211
"43","Saint Lucia","Basic health infrastructure",2014,4.51
"44","Saint Lucia","Basic health infrastructure",2016,0.1782
"45","Saint Lucia","Basic health infrastructure",2018,2.6
"46","Myanmar","Basic health infrastructure",2010,1.466021
"47","Myanmar","Basic health infrastructure",2011,1.157519
"48","Myanmar","Basic health infrastructure",2012,17.197963
"49","Myanmar","Basic health infrastructure",2013,0.580213
"50","Myanmar","Basic health infrastructure",2014,43.903032
"51","Myanmar","Basic health infrastructure",2015,2.070561
"52","Myanmar","Basic health infrastructure",2016,23.335772
"53","Myanmar","Basic health infrastructure",2017,0.821068
"54","Myanmar","Basic health infrastructure",2018,3.10239
"55","Ukraine","Basic health infrastructure",2010,0.415044
"56","Ukraine","Basic health infrastructure",2011,5.399008
"57","Ukraine","Basic health infrastructure",2012,1.648956
"58","Ukraine","Basic health infrastructure",2013,0.610631
"59","Ukraine","Basic health infrastructure",2014,0.32556
"60","Ukraine","Basic health infrastructure",2015,0.096224
"61","Ukraine","Basic health infrastructure",2016,0.002212
"62","Ukraine","Basic health infrastructure",2017,0.603426
"63","Ukraine","Basic health infrastructure",2018,2.370941
"64","Ukraine","Basic health infrastructure",2019,27.445267
"65","Gambia","Basic health infrastructure",2010,0.378105
"66","Gambia","Basic health infrastructure",2012,0.006427
"67","Gambia","Basic health infrastructure",2013,0.071354
"68","Gambia","Basic health infrastructure",2014,0.013256
"69","Gambia","Basic health infrastructure",2015,0.077554
"70","Gambia","Basic health infrastructure",2016,0.010008
"71","Gambia","Basic health infrastructure",2017,0.104
"72","Gambia","Basic health infrastructure",2018,0.069951
"73","North Macedonia","Basic health infrastructure",2010,0.015374
"74","North Macedonia","Basic health infrastructure",2014,0.10073
"75","North Macedonia","Basic health infrastructure",2015,0.13776
"76","North Macedonia","Basic health infrastructure",2016,0.128071
"77","North Macedonia","Basic health infrastructure",2017,0.131059
"78","North Macedonia","Basic health infrastructure",2018,0.262083
"79","North Macedonia","Basic health infrastructure",2019,0.022389
"80","Iraq","Basic health infrastructure",2010,4.68171
"81","Iraq","Basic health infrastructure",2011,3.955891
"82","Iraq","Basic health infrastructure",2012,0.172792
"83","Iraq","Basic health infrastructure",2013,0.118385
"84","Iraq","Basic health infrastructure",2014,0.035101
"85","Iraq","Basic health infrastructure",2015,0.005494
"86","Iraq","Basic health infrastructure",2016,0.015492
"87","Iraq","Basic health infrastructure",2017,0.020795
"88","Iraq","Basic health infrastructure",2018,1.13903
"89","Iraq","Basic health infrastructure",2019,36.964066
"90","Tunisia","Basic health infrastructure",2014,0.049861
"91","Tunisia","Basic health infrastructure",2015,0.222107
"92","Tunisia","Basic health infrastructure",2016,0.036492
"93","Tunisia","Basic health infrastructure",2017,40.09815
"94","Tunisia","Basic health infrastructure",2018,0.00363
"95","Tunisia","Basic health infrastructure",2019,0.020612
"96","Cabo Verde","Basic health infrastructure",2010,0.501882
"97","Cabo Verde","Basic health infrastructure",2011,0.328241
"98","Cabo Verde","Basic health infrastructure",2012,0.133746
"99","Cabo Verde","Basic health infrastructure",2013,0.041258
"100","Cabo Verde","Basic health infrastructure",2015,0.0018
"101","Cabo Verde","Basic health infrastructure",2018,0.58122
"102","Nigeria","Basic health infrastructure",2010,5.043207
"103","Nigeria","Basic health infrastructure",2011,0.563544
"104","Nigeria","Basic health infrastructure",2012,0.154606
"105","Nigeria","Basic health infrastructure",2013,0.412951
"106","Nigeria","Basic health infrastructure",2014,1.486387
"107","Nigeria","Basic health infrastructure",2015,1.375507
"108","Nigeria","Basic health infrastructure",2016,0.377748
"109","Nigeria","Basic health infrastructure",2017,1.262964
"110","Nigeria","Basic health infrastructure",2018,0.111153
"111","Nigeria","Basic health infrastructure",2019,0.020374
"112","Oceania, Total","Basic health infrastructure",2010,28.10056
"113","Oceania, Total","Basic health infrastructure",2011,1.351169
"114","Oceania, Total","Basic health infrastructure",2012,3.040022
"115","Oceania, Total","Basic health infrastructure",2013,4.118581
"116","Oceania, Total","Basic health infrastructure",2014,1.211078
"117","Oceania, Total","Basic health infrastructure",2015,40.362575
"118","Oceania, Total","Basic health infrastructure",2016,0.142708
"119","Oceania, Total","Basic health infrastructure",2017,14.277259
"120","Oceania, Total","Basic health infrastructure",2018,17.036971
"121","Mongolia","Basic health infrastructure",2011,0.756187
"122","Mongolia","Basic health infrastructure",2012,0.343352
"123","Mongolia","Basic health infrastructure",2013,5.789172
"124","Mongolia","Basic health infrastructure",2014,1.788003
"125","Mongolia","Basic health infrastructure",2015,0.221007
"126","Mongolia","Basic health infrastructure",2016,0.17755
"127","Mongolia","Basic health infrastructure",2017,0.088056
"128","Mongolia","Basic health infrastructure",2018,0.079729
"129","West Bank and Gaza Strip","Basic health infrastructure",2010,0.603993
"130","West Bank and Gaza Strip","Basic health infrastructure",2011,0.385151
"131","West Bank and Gaza Strip","Basic health infrastructure",2012,0.058955
"132","West Bank and Gaza Strip","Basic health infrastructure",2013,1.694891
"133","West Bank and Gaza Strip","Basic health infrastructure",2014,3.888895
"134","West Bank and Gaza Strip","Basic health infrastructure",2015,13.810581
"135","West Bank and Gaza Strip","Basic health infrastructure",2016,7.65326
"136","West Bank and Gaza Strip","Basic health infrastructure",2017,1.370676
"137","West Bank and Gaza Strip","Basic health infrastructure",2018,0.044061
"138","Gabon","Basic health infrastructure",2016,0.252032
"139","Gabon","Basic health infrastructure",2017,0.137526
"140","Gabon","Basic health infrastructure",2018,0.074226
"141","Bangladesh","Basic health infrastructure",2011,0.980057
"142","Bangladesh","Basic health infrastructure",2012,0.221409
"143","Bangladesh","Basic health infrastructure",2013,14.303542
"144","Bangladesh","Basic health infrastructure",2014,9.183351
"145","Bangladesh","Basic health infrastructure",2015,0.292491
"146","Bangladesh","Basic health infrastructure",2016,0.060792
"147","Bangladesh","Basic health infrastructure",2017,7.379569
"148","Bangladesh","Basic health infrastructure",2018,4.853255
"149","Bangladesh","Basic health infrastructure",2019,0.01378
"150","Azerbaijan","Basic health infrastructure",2011,0.455464
"151","Azerbaijan","Basic health infrastructure",2012,0.830513
"152","Azerbaijan","Basic health infrastructure",2013,1.013222
"153","Azerbaijan","Basic health infrastructure",2014,0.752279
"154","Azerbaijan","Basic health infrastructure",2015,0.247425
"155","Azerbaijan","Basic health infrastructure",2016,0.091567
"156","Azerbaijan","Basic health infrastructure",2017,0.444551
"157","Azerbaijan","Basic health infrastructure",2018,0.536707
"158","Egypt","Basic health infrastructure",2010,1.078138
"159","Egypt","Basic health infrastructure",2011,1.341504
"160","Egypt","Basic health infrastructure",2012,0.114911
"161","Egypt","Basic health infrastructure",2013,0.691307
"162","Egypt","Basic health infrastructure",2014,0.318862
"163","Egypt","Basic health infrastructure",2015,0.040975
"164","Egypt","Basic health infrastructure",2016,120.01106
"165","Egypt","Basic health infrastructure",2017,34.873955
"166","Egypt","Basic health infrastructure",2018,0.217588
"167","Ecuador","Basic health infrastructure",2010,1.040394
"168","Ecuador","Basic health infrastructure",2011,1.683255
"169","Ecuador","Basic health infrastructure",2012,0.497905
"170","Ecuador","Basic health infrastructure",2013,0.157599
"171","Ecuador","Basic health infrastructure",2014,17.864427
"172","Ecuador","Basic health infrastructure",2015,0.030131
"173","Ecuador","Basic health infrastructure",2016,0.031384
"174","Ecuador","Basic health infrastructure",2018,0.003352
"175","Cameroon","Basic health infrastructure",2010,3.610531
"176","Cameroon","Basic health infrastructure",2011,1.245114
"177","Cameroon","Basic health infrastructure",2012,7.376434
"178","Cameroon","Basic health infrastructure",2013,0.074484
"179","Cameroon","Basic health infrastructure",2014,0.325361
"180","Cameroon","Basic health infrastructure",2015,0.268543
"181","Cameroon","Basic health infrastructure",2016,2.866536
"182","Cameroon","Basic health infrastructure",2017,0.690867
"183","Cameroon","Basic health infrastructure",2018,0.072262
"184","Democratic Republic of the Congo","Basic health infrastructure",2010,24.155762
"185","Democratic Republic of the Congo","Basic health infrastructure",2011,4.254769
"186","Democratic Republic of the Congo","Basic health infrastructure",2012,4.089003
"187","Democratic Republic of the Congo","Basic health infrastructure",2013,0.856397
"188","Democratic Republic of the Congo","Basic health infrastructure",2014,11.716449
"189","Democratic Republic of the Congo","Basic health infrastructure",2015,2.051945
"190","Democratic Republic of the Congo","Basic health infrastructure",2016,2.555157
"191","Democratic Republic of the Congo","Basic health infrastructure",2017,2.948565
"192","Democratic Republic of the Congo","Basic health infrastructure",2018,2.585832
"193","Democratic Republic of the Congo","Basic health infrastructure",2019,0.579886
"194","Cambodia","Basic health infrastructure",2010,0.167059
"195","Cambodia","Basic health infrastructure",2011,0.294182
"196","Cambodia","Basic health infrastructure",2012,0.521033
"197","Cambodia","Basic health infrastructure",2013,21.38251
"198","Cambodia","Basic health infrastructure",2014,0.670216
"199","Cambodia","Basic health infrastructure",2015,1.328722
"200","Cambodia","Basic health infrastructure",2016,0.3109
"201","Cambodia","Basic health infrastructure",2017,13.796132
"202","Cambodia","Basic health infrastructure",2018,69.357927
"203","Burundi","Basic health infrastructure",2010,0.303228
"204","Burundi","Basic health infrastructure",2011,0.35627
"205","Burundi","Basic health infrastructure",2012,0.203247
"206","Burundi","Basic health infrastructure",2013,0.059407
"207","Burundi","Basic health infrastructure",2014,13.125956
"208","Burundi","Basic health infrastructure",2015,0.248894
"209","Burundi","Basic health infrastructure",2016,0.005529
"210","Burundi","Basic health infrastructure",2017,4.148554
"211","Burundi","Basic health infrastructure",2018,0.087761
"212","Niger","Basic health infrastructure",2010,0.072801
"213","Niger","Basic health infrastructure",2011,0.341472
"214","Niger","Basic health infrastructure",2012,0.106684
"215","Niger","Basic health infrastructure",2013,0.149025
"216","Niger","Basic health infrastructure",2014,0.07089
"217","Niger","Basic health infrastructure",2015,0.008319
"218","Niger","Basic health infrastructure",2016,0.162863
"219","Niger","Basic health infrastructure",2018,1.587622
"220","Tanzania","Basic health infrastructure",2010,15.894015
"221","Tanzania","Basic health infrastructure",2011,79.251948
"222","Tanzania","Basic health infrastructure",2012,1.256534
"223","Tanzania","Basic health infrastructure",2013,1.374219
"224","Tanzania","Basic health infrastructure",2014,0.541862
"225","Tanzania","Basic health infrastructure",2015,9.669836
"226","Tanzania","Basic health infrastructure",2016,1.630015
"227","Tanzania","Basic health infrastructure",2017,4.762727
"228","Tanzania","Basic health infrastructure",2018,1.819383
"229","Tanzania","Basic health infrastructure",2019,6.045323
"230","Ghana","Basic health infrastructure",2010,11.181996
"231","Ghana","Basic health infrastructure",2011,1.06073
"232","Ghana","Basic health infrastructure",2012,12.862424
"233","Ghana","Basic health infrastructure",2013,0.935914
"234","Ghana","Basic health infrastructure",2014,0.6589
"235","Ghana","Basic health infrastructure",2015,0.47368
"236","Ghana","Basic health infrastructure",2016,0.824482
"237","Ghana","Basic health infrastructure",2017,0.567329
"238","Ghana","Basic health infrastructure",2018,0.542994
"239","Ghana","Basic health infrastructure",2019,0.008454
"240","Asia, regional","Basic health infrastructure",2010,1.834595
"241","Asia, regional","Basic health infrastructure",2013,0.488983
"242","Asia, regional","Basic health infrastructure",2014,0.006617
"243","Asia, regional","Basic health infrastructure",2015,4.69928
"244","Asia, regional","Basic health infrastructure",2016,0.014147
"245","Asia, regional","Basic health infrastructure",2017,6.954865
"246","Asia, regional","Basic health infrastructure",2018,0
"247","Guinea","Basic health infrastructure",2010,1.425786
"248","Guinea","Basic health infrastructure",2011,0.005475
"249","Guinea","Basic health infrastructure",2012,0.000618
"250","Guinea","Basic health infrastructure",2013,0.041489
"251","Guinea","Basic health infrastructure",2014,0.100836
"252","Guinea","Basic health infrastructure",2015,1.217983
"253","Guinea","Basic health infrastructure",2016,0.008116
"254","Guinea","Basic health infrastructure",2017,2.484284
"255","Guinea","Basic health infrastructure",2018,28.112108
"256","Nicaragua","Basic health infrastructure",2010,0.131809
"257","Nicaragua","Basic health infrastructure",2011,0.638119
"258","Nicaragua","Basic health infrastructure",2012,0.184255
"259","Nicaragua","Basic health infrastructure",2013,0.647843
"260","Nicaragua","Basic health infrastructure",2015,12.781653
"261","Nicaragua","Basic health infrastructure",2016,0.187549
"262","Nicaragua","Basic health infrastructure",2017,0.023331
"263","Nicaragua","Basic health infrastructure",2018,5.178172
"264","Samoa","Basic health infrastructure",2010,0.216884
"265","Samoa","Basic health infrastructure",2012,0.124916
"266","Samoa","Basic health infrastructure",2013,3.523724
"267","Samoa","Basic health infrastructure",2015,0.108288
"268","Samoa","Basic health infrastructure",2017,0.021316
"269","Samoa","Basic health infrastructure",2018,0.132734
"270","Kenya","Basic health infrastructure",2010,0.786003
"271","Kenya","Basic health infrastructure",2011,0.954031
"272","Kenya","Basic health infrastructure",2012,0.942155
"273","Kenya","Basic health infrastructure",2013,1.108596
"274","Kenya","Basic health infrastructure",2014,1.238521
"275","Kenya","Basic health infrastructure",2015,0.898382
"276","Kenya","Basic health infrastructure",2016,4.418955
"277","Kenya","Basic health infrastructure",2017,21.357712
"278","Kenya","Basic health infrastructure",2018,2.176397
"279","Cook Islands","Basic health infrastructure",2018,0.159334
"280","Djibouti","Basic health infrastructure",2011,0.114095
"281","Djibouti","Basic health infrastructure",2013,0.77
"282","Djibouti","Basic health infrastructure",2018,0.018
"283","India","Basic health infrastructure",2010,25.832921
"284","India","Basic health infrastructure",2011,4.687172
"285","India","Basic health infrastructure",2012,0.77085
"286","India","Basic health infrastructure",2013,0.054425
"287","India","Basic health infrastructure",2014,15.505954
"288","India","Basic health infrastructure",2015,0.75901
"289","India","Basic health infrastructure",2016,235.847295
"290","India","Basic health infrastructure",2017,1.146535
"291","India","Basic health infrastructure",2018,0.564669
"292","India","Basic health infrastructure",2019,0.027314
"293","Nauru","Basic health infrastructure",2015,7.305538
"294","Nauru","Basic health infrastructure",2017,0.043835
"295","Nauru","Basic health infrastructure",2018,0.068056
"296","Madagascar","Basic health infrastructure",2011,1.375768
"297","Madagascar","Basic health infrastructure",2012,0.066561
"298","Madagascar","Basic health infrastructure",2013,0.102328
"299","Madagascar","Basic health infrastructure",2014,0.440354
"300","Madagascar","Basic health infrastructure",2015,0.004042
"301","Madagascar","Basic health infrastructure",2016,0.012964
"302","Madagascar","Basic health infrastructure",2017,4.683962
"303","Madagascar","Basic health infrastructure",2018,0.089788
"304","Madagascar","Basic health infrastructure",2019,0.009605
"305","Malawi","Basic health infrastructure",2010,0.337752
"306","Malawi","Basic health infrastructure",2011,0.415702
"307","Malawi","Basic health infrastructure",2012,0.969838
"308","Malawi","Basic health infrastructure",2013,1.038536
"309","Malawi","Basic health infrastructure",2014,3.989304
"310","Malawi","Basic health infrastructure",2015,0.466497
"311","Malawi","Basic health infrastructure",2016,11.953666
"312","Malawi","Basic health infrastructure",2017,0.314839
"313","Malawi","Basic health infrastructure",2018,11.835603
"314","Papua New Guinea","Basic health infrastructure",2010,5.5
"315","Papua New Guinea","Basic health infrastructure",2011,0.125192
"316","Papua New Guinea","Basic health infrastructure",2013,0.076868
"317","Papua New Guinea","Basic health infrastructure",2014,0.408532
"318","Papua New Guinea","Basic health infrastructure",2015,32.83143
"319","Papua New Guinea","Basic health infrastructure",2016,0.103813
"320","Papua New Guinea","Basic health infrastructure",2017,13.135758
"321","Papua New Guinea","Basic health infrastructure",2018,16.01859
"322","Benin","Basic health infrastructure",2010,0.10381
"323","Benin","Basic health infrastructure",2011,0.583569
"324","Benin","Basic health infrastructure",2012,0.182657
"325","Benin","Basic health infrastructure",2013,0.002398
"326","Benin","Basic health infrastructure",2014,0.364889
"327","Benin","Basic health infrastructure",2015,16.218784
"328","Benin","Basic health infrastructure",2016,0.012476
"329","Benin","Basic health infrastructure",2017,0.762121
"330","Benin","Basic health infrastructure",2018,0.348958
"331","Benin","Basic health infrastructure",2019,0.010234
"332","Liberia","Basic health infrastructure",2010,1.086378
"333","Liberia","Basic health infrastructure",2012,0.253823
"334","Liberia","Basic health infrastructure",2013,0.162747
"335","Liberia","Basic health infrastructure",2014,5.307151
"336","Liberia","Basic health infrastructure",2015,4.549035
"337","Liberia","Basic health infrastructure",2018,0.724598
"338","Liberia","Basic health infrastructure",2019,16.796003
"339","Paraguay","Basic health infrastructure",2010,0.085639
"340","Paraguay","Basic health infrastructure",2011,0.028819
"341","Paraguay","Basic health infrastructure",2013,7.361118
"342","Paraguay","Basic health infrastructure",2015,0.317101
"343","Paraguay","Basic health infrastructure",2016,0.001051
"344","Paraguay","Basic health infrastructure",2017,1.994302
"345","Paraguay","Basic health infrastructure",2018,0.195306
"346","Mauritania","Basic health infrastructure",2010,0.560366
"347","Mauritania","Basic health infrastructure",2011,1.124584
"348","Mauritania","Basic health infrastructure",2012,0.618885
"349","Mauritania","Basic health infrastructure",2013,1.198476
"350","Mauritania","Basic health infrastructure",2014,0.505332
"351","Mauritania","Basic health infrastructure",2015,0.407113
"352","Mauritania","Basic health infrastructure",2016,0.333878
"353","Mauritania","Basic health infrastructure",2017,0.21476
"354","Mauritania","Basic health infrastructure",2018,0.073498
"355","Africa, regional","Basic health infrastructure",2010,0.10713
"356","Africa, regional","Basic health infrastructure",2013,0.455389
"357","Africa, regional","Basic health infrastructure",2014,0.072973
"358","Africa, regional","Basic health infrastructure",2015,0.006767
"359","Africa, regional","Basic health infrastructure",2018,0.000826
"360","Caribbean & Central America, Total","Basic health infrastructure",2010,4.58821
"361","Caribbean & Central America, Total","Basic health infrastructure",2011,31.608811
"362","Caribbean & Central America, Total","Basic health infrastructure",2012,173.57497
"363","Caribbean & Central America, Total","Basic health infrastructure",2013,8.446596
"364","Caribbean & Central America, Total","Basic health infrastructure",2014,20.190619
"365","Caribbean & Central America, Total","Basic health infrastructure",2015,20.312921
"366","Caribbean & Central America, Total","Basic health infrastructure",2016,17.436772
"367","Caribbean & Central America, Total","Basic health infrastructure",2017,1.674628
"368","Caribbean & Central America, Total","Basic health infrastructure",2018,97.532155
"369","Caribbean & Central America, Total","Basic health infrastructure",2019,0.394482
"370","Argentina","Basic health infrastructure",2011,0.332923
"371","Argentina","Basic health infrastructure",2012,0.258261
"372","Argentina","Basic health infrastructure",2013,0.191665
"373","Argentina","Basic health infrastructure",2016,0.22542
"374","Argentina","Basic health infrastructure",2017,47.869217
"375","Argentina","Basic health infrastructure",2018,0.241527
"376","Developing Countries, Total","Basic health infrastructure",2010,529.505263
"377","Developing Countries, Total","Basic health infrastructure",2011,346.080224
"378","Developing Countries, Total","Basic health infrastructure",2012,643.852173
"379","Developing Countries, Total","Basic health infrastructure",2013,634.134743
"380","Developing Countries, Total","Basic health infrastructure",2014,591.066095
"381","Developing Countries, Total","Basic health infrastructure",2015,726.048694
"382","Developing Countries, Total","Basic health infrastructure",2016,601.779564
"383","Developing Countries, Total","Basic health infrastructure",2017,709.081696
"384","Developing Countries, Total","Basic health infrastructure",2018,610.026202
"385","Developing Countries, Total","Basic health infrastructure",2019,183.892246
"386","South of Sahara, Total","Basic health infrastructure",2010,199.998298
"387","South of Sahara, Total","Basic health infrastructure",2011,148.303513
"388","South of Sahara, Total","Basic health infrastructure",2012,238.729603
"389","South of Sahara, Total","Basic health infrastructure",2013,113.28856
"390","South of Sahara, Total","Basic health infrastructure",2014,124.6404
"391","South of Sahara, Total","Basic health infrastructure",2015,196.315544
"392","South of Sahara, Total","Basic health infrastructure",2016,47.800641
"393","South of Sahara, Total","Basic health infrastructure",2017,150.388266
"394","South of Sahara, Total","Basic health infrastructure",2018,99.490223
"395","South of Sahara, Total","Basic health infrastructure",2019,24.327273
"396","South Sudan","Basic health infrastructure",2011,1.482238
"397","South Sudan","Basic health infrastructure",2012,85.139609
"398","South Sudan","Basic health infrastructure",2013,0.186246
"399","South Sudan","Basic health infrastructure",2014,0.842992
"400","South Sudan","Basic health infrastructure",2015,0.484778
"401","South Sudan","Basic health infrastructure",2016,2.189539
"402","South Sudan","Basic health infrastructure",2017,0.595934
"403","South Sudan","Basic health infrastructure",2018,0.276421
"404","South Sudan","Basic health infrastructure",2019,0.011194
"405","Dominican Republic","Basic health infrastructure",2010,0.187156
"406","Dominican Republic","Basic health infrastructure",2011,0.074686
"407","Dominican Republic","Basic health infrastructure",2012,0.11661
"408","Dominican Republic","Basic health infrastructure",2013,0.002459
"409","Dominican Republic","Basic health infrastructure",2014,0.136748
"410","Dominican Republic","Basic health infrastructure",2015,0.318843
"411","Dominican Republic","Basic health infrastructure",2016,0.005931
"412","Dominican Republic","Basic health infrastructure",2017,0.277986
"413","Dominican Republic","Basic health infrastructure",2018,0.087637
"414","Bolivia","Basic health infrastructure",2010,10.404822
"415","Bolivia","Basic health infrastructure",2011,3.135098
"416","Bolivia","Basic health infrastructure",2012,1.846905
"417","Bolivia","Basic health infrastructure",2013,10.136393
"418","Bolivia","Basic health infrastructure",2014,0.493822
"419","Bolivia","Basic health infrastructure",2015,0.526665
"420","Bolivia","Basic health infrastructure",2016,1.20587
"421","Bolivia","Basic health infrastructure",2017,0.671546
"422","Bolivia","Basic health infrastructure",2018,39.739055
"423","Bolivia","Basic health infrastructure",2019,0.010575
"424","Lao People's Democratic Republic","Basic health infrastructure",2010,4.221143
"425","Lao People's Democratic Republic","Basic health infrastructure",2011,2.819378
"426","Lao People's Democratic Republic","Basic health infrastructure",2012,2.490048
"427","Lao People's Democratic Republic","Basic health infrastructure",2013,11.94811
"428","Lao People's Democratic Republic","Basic health infrastructure",2014,2.955864
"429","Lao People's Democratic Republic","Basic health infrastructure",2015,1.208786
"430","Lao People's Democratic Republic","Basic health infrastructure",2016,0.395887
"431","Lao People's Democratic Republic","Basic health infrastructure",2017,1.73409
"432","Lao People's Democratic Republic","Basic health infrastructure",2018,9.335664
"433","Lao People's Democratic Republic","Basic health infrastructure",2019,0.357327
"434","Malaysia","Basic health infrastructure",2010,0.007
"435","Malaysia","Basic health infrastructure",2013,0.028118
"436","Malaysia","Basic health infrastructure",2016,0.046654
"437","Malaysia","Basic health infrastructure",2018,0.033336
"438","Rwanda","Basic health infrastructure",2010,0.437788
"439","Rwanda","Basic health infrastructure",2011,0.24025
"440","Rwanda","Basic health infrastructure",2012,0.603021
"441","Rwanda","Basic health infrastructure",2013,0.021151
"442","Rwanda","Basic health infrastructure",2014,0.327832
"443","Rwanda","Basic health infrastructure",2015,0.138845
"444","Rwanda","Basic health infrastructure",2016,0.317252
"445","Rwanda","Basic health infrastructure",2017,0.062583
"446","Rwanda","Basic health infrastructure",2018,0.164328
"447","Rwanda","Basic health infrastructure",2019,0.045897
"448","Sudan","Basic health infrastructure",2010,0.512649
"449","Sudan","Basic health infrastructure",2011,0.018489
"450","Sudan","Basic health infrastructure",2012,0.102005
"451","Sudan","Basic health infrastructure",2013,0.647673
"452","Sudan","Basic health infrastructure",2015,19.72782
"453","Sudan","Basic health infrastructure",2016,0.23809
"454","Sudan","Basic health infrastructure",2017,11.105119
"455","Sudan","Basic health infrastructure",2018,4.236705
"456","America, Total","Basic health infrastructure",2010,21.370916
"457","America, Total","Basic health infrastructure",2011,44.67617
"458","America, Total","Basic health infrastructure",2012,181.65503
"459","America, Total","Basic health infrastructure",2013,35.368804
"460","America, Total","Basic health infrastructure",2014,39.386927
"461","America, Total","Basic health infrastructure",2015,24.562506
"462","America, Total","Basic health infrastructure",2016,20.906131
"463","America, Total","Basic health infrastructure",2017,53.063596
"464","America, Total","Basic health infrastructure",2018,138.313986
"465","America, Total","Basic health infrastructure",2019,0.405057
"466","Armenia","Basic health infrastructure",2012,0.012211
"467","Armenia","Basic health infrastructure",2013,15.852308
"468","Armenia","Basic health infrastructure",2014,0.245456
"469","Armenia","Basic health infrastructure",2016,0.028752
"470","Armenia","Basic health infrastructure",2017,0.018036
"471","Armenia","Basic health infrastructure",2018,0.021244
"472","Bosnia and Herzegovina","Basic health infrastructure",2011,0.000999
"473","Bosnia and Herzegovina","Basic health infrastructure",2012,1.904037
"474","Bosnia and Herzegovina","Basic health infrastructure",2013,0.221241
"475","Bosnia and Herzegovina","Basic health infrastructure",2014,0.00663
"476","Bosnia and Herzegovina","Basic health infrastructure",2015,0.070713
"477","Bosnia and Herzegovina","Basic health infrastructure",2016,0.007043
"478","Bosnia and Herzegovina","Basic health infrastructure",2017,25.673125
"479","Bosnia and Herzegovina","Basic health infrastructure",2018,5.492536
"480","North of Sahara, Total","Basic health infrastructure",2010,6.368934
"481","North of Sahara, Total","Basic health infrastructure",2011,1.597691
"482","North of Sahara, Total","Basic health infrastructure",2012,0.204982
"483","North of Sahara, Total","Basic health infrastructure",2013,1.78788
"484","North of Sahara, Total","Basic health infrastructure",2014,0.933095
"485","North of Sahara, Total","Basic health infrastructure",2015,0.474247
"486","North of Sahara, Total","Basic health infrastructure",2016,120.114649
"487","North of Sahara, Total","Basic health infrastructure",2017,74.983378
"488","North of Sahara, Total","Basic health infrastructure",2018,0.420379
"489","North of Sahara, Total","Basic health infrastructure",2019,0.020612
"490","Uganda","Basic health infrastructure",2010,105.154905
"491","Uganda","Basic health infrastructure",2011,0.451307
"492","Uganda","Basic health infrastructure",2012,86.176372
"493","Uganda","Basic health infrastructure",2013,20.341386
"494","Uganda","Basic health infrastructure",2014,0.344082
"495","Uganda","Basic health infrastructure",2015,0.560676
"496","Uganda","Basic health infrastructure",2016,0.288439
"497","Uganda","Basic health infrastructure",2017,0.167213
"498","Uganda","Basic health infrastructure",2018,26.345329
"499","Uganda","Basic health infrastructure",2019,0.245323
"500","Africa, Total","Basic health infrastructure",2010,206.474361
"501","Africa, Total","Basic health infrastructure",2011,149.901205
"502","Africa, Total","Basic health infrastructure",2012,238.934586
"503","Africa, Total","Basic health infrastructure",2013,115.531829
"504","Africa, Total","Basic health infrastructure",2014,125.646468
"505","Africa, Total","Basic health infrastructure",2015,196.796556
"506","Africa, Total","Basic health infrastructure",2016,167.91529
"507","Africa, Total","Basic health infrastructure",2017,225.371644
"508","Africa, Total","Basic health infrastructure",2018,99.911428
"509","Africa, Total","Basic health infrastructure",2019,24.347885
"510","Morocco","Basic health infrastructure",2010,4.536792
"511","Morocco","Basic health infrastructure",2011,0.040543
"512","Morocco","Basic health infrastructure",2012,0.057937
"513","Morocco","Basic health infrastructure",2013,1.096573
"514","Morocco","Basic health infrastructure",2014,0.564372
"515","Morocco","Basic health infrastructure",2015,0.211166
"516","Morocco","Basic health infrastructure",2016,0.055181
"517","Morocco","Basic health infrastructure",2017,0.011273
"518","Morocco","Basic health infrastructure",2018,0.073842
"519","Togo","Basic health infrastructure",2010,0.474619
"520","Togo","Basic health infrastructure",2011,0.142617
"521","Togo","Basic health infrastructure",2012,0.515153
"522","Togo","Basic health infrastructure",2013,0.105626
"523","Togo","Basic health infrastructure",2014,0.118884
"524","Togo","Basic health infrastructure",2015,0.421276
"525","Togo","Basic health infrastructure",2016,0.961287
"526","Togo","Basic health infrastructure",2017,11.625367
"527","Togo","Basic health infrastructure",2018,0.192444
"528","Togo","Basic health infrastructure",2019,0.027305
"529","America, regional","Basic health infrastructure",2011,0.002225
"530","America, regional","Basic health infrastructure",2014,0.006617
"531","America, regional","Basic health infrastructure",2015,3.129156
"532","America, regional","Basic health infrastructure",2016,0.014147
"533","America, regional","Basic health infrastructure",2018,0
"534","Albania","Basic health infrastructure",2010,0.027006
"535","Albania","Basic health infrastructure",2012,0.025707
"536","Albania","Basic health infrastructure",2013,0.056355
"537","Albania","Basic health infrastructure",2014,7.955473
"538","Albania","Basic health infrastructure",2015,1.694953
"539","Albania","Basic health infrastructure",2016,0.089572
"540","Albania","Basic health infrastructure",2017,0.037
"541","Albania","Basic health infrastructure",2018,0.17388
"542","Albania","Basic health infrastructure",2019,0.0102
"543","Somalia","Basic health infrastructure",2010,0.013245
"544","Somalia","Basic health infrastructure",2012,0.697228
"545","Somalia","Basic health infrastructure",2013,0.016596
"546","Somalia","Basic health infrastructure",2014,3.843446
"547","Somalia","Basic health infrastructure",2016,0.008503
"548","Somalia","Basic health infrastructure",2017,0.115
"549","Somalia","Basic health infrastructure",2018,0.391273
"550","El Salvador","Basic health infrastructure",2010,0.134656
"551","El Salvador","Basic health infrastructure",2011,0.995017
"552","El Salvador","Basic health infrastructure",2012,0.51426
"553","El Salvador","Basic health infrastructure",2013,3.49137
"554","El Salvador","Basic health infrastructure",2014,0.271139
"555","El Salvador","Basic health infrastructure",2015,0.446978
"556","El Salvador","Basic health infrastructure",2016,0.211723
"557","El Salvador","Basic health infrastructure",2018,0.673706
"558","El Salvador","Basic health infrastructure",2019,0.05459
"559","Nepal","Basic health infrastructure",2011,0.060018
"560","Nepal","Basic health infrastructure",2012,0.793889
"561","Nepal","Basic health infrastructure",2013,0.060226
"562","Nepal","Basic health infrastructure",2014,0.197564
"563","Nepal","Basic health infrastructure",2015,0.362778
"564","Nepal","Basic health infrastructure",2016,0.437026
"565","Nepal","Basic health infrastructure",2017,0.248085
"566","Nepal","Basic health infrastructure",2018,0.384333
"567","Nepal","Basic health infrastructure",2019,0.018367
"568","Middle East, Total","Basic health infrastructure",2010,8.483706
"569","Middle East, Total","Basic health infrastructure",2011,5.460595
"570","Middle East, Total","Basic health infrastructure",2012,0.464565
"571","Middle East, Total","Basic health infrastructure",2013,3.950014
"572","Middle East, Total","Basic health infrastructure",2014,9.82654
"573","Middle East, Total","Basic health infrastructure",2015,19.762285
"574","Middle East, Total","Basic health infrastructure",2016,9.184476
"575","Middle East, Total","Basic health infrastructure",2017,77.210295
"576","Middle East, Total","Basic health infrastructure",2018,17.95298
"577","Middle East, Total","Basic health infrastructure",2019,50.397403
"578","Vanuatu","Basic health infrastructure",2010,0.034328
"579","Vanuatu","Basic health infrastructure",2011,0.107574
"580","Vanuatu","Basic health infrastructure",2018,0.380465
"581","Solomon Islands","Basic health infrastructure",2010,0.108087
"582","Solomon Islands","Basic health infrastructure",2011,0.675673
"583","Solomon Islands","Basic health infrastructure",2012,0.342701
"584","Solomon Islands","Basic health infrastructure",2013,0.18186
"585","Solomon Islands","Basic health infrastructure",2014,0.094124
"586","Solomon Islands","Basic health infrastructure",2018,0.082443
"587","Panama","Basic health infrastructure",2010,0.092013
"588","Panama","Basic health infrastructure",2013,0.05019
"589","Panama","Basic health infrastructure",2014,0.17371
"590","Panama","Basic health infrastructure",2015,0.15056
"591","Panama","Basic health infrastructure",2017,0.072285
"592","Panama","Basic health infrastructure",2018,0.102355
"593","Yemen","Basic health infrastructure",2010,0.604937
"594","Yemen","Basic health infrastructure",2011,0.161059
"595","Yemen","Basic health infrastructure",2014,4.7
"596","Yemen","Basic health infrastructure",2017,72.61909
"597","Yemen","Basic health infrastructure",2018,0.03222
"598","Yemen","Basic health infrastructure",2019,13.433337
"599","Jamaica","Basic health infrastructure",2010,0.155514
"600","Jamaica","Basic health infrastructure",2011,0.012437
"601","Jamaica","Basic health infrastructure",2013,0.102089
"602","Jamaica","Basic health infrastructure",2018,0.015431
"603","Asia, Total","Basic health infrastructure",2010,185.421836
"604","Asia, Total","Basic health infrastructure",2011,135.164413
"605","Asia, Total","Basic health infrastructure",2012,214.395977
"606","Asia, Total","Basic health infrastructure",2013,474.701023
"607","Asia, Total","Basic health infrastructure",2014,412.004703
"608","Asia, Total","Basic health infrastructure",2015,195.787625
"609","Asia, Total","Basic health infrastructure",2016,356.649449
"610","Asia, Total","Basic health infrastructure",2017,226.586113
"611","Asia, Total","Basic health infrastructure",2018,282.151824
"612","Asia, Total","Basic health infrastructure",2019,131.647237
"613","China (People's Republic of)","Basic health infrastructure",2010,15.157972
"614","China (People's Republic of)","Basic health infrastructure",2011,66.956214
"615","China (People's Republic of)","Basic health infrastructure",2012,136.183194
"616","China (People's Republic of)","Basic health infrastructure",2013,213.121451
"617","China (People's Republic of)","Basic health infrastructure",2014,238.665892
"618","China (People's Republic of)","Basic health infrastructure",2015,70.624136
"619","China (People's Republic of)","Basic health infrastructure",2016,60.969903
"620","China (People's Republic of)","Basic health infrastructure",2017,90.31977
"621","China (People's Republic of)","Basic health infrastructure",2018,152.41511
"622","China (People's Republic of)","Basic health infrastructure",2019,78.361133
"623","Democratic People's Republic of Korea","Basic health infrastructure",2010,0.556777
"624","Democratic People's Republic of Korea","Basic health infrastructure",2012,0.004218
"625","Democratic People's Republic of Korea","Basic health infrastructure",2013,0.485478
"626","Democratic People's Republic of Korea","Basic health infrastructure",2014,0.016401
"627","Democratic People's Republic of Korea","Basic health infrastructure",2016,0.226624
"628","Democratic People's Republic of Korea","Basic health infrastructure",2018,0.526007
"629","Colombia","Basic health infrastructure",2010,0.019801
"630","Colombia","Basic health infrastructure",2011,0.384632
"631","Colombia","Basic health infrastructure",2012,1.367954
"632","Colombia","Basic health infrastructure",2013,0.17161
"633","Colombia","Basic health infrastructure",2016,0.027709
"634","Colombia","Basic health infrastructure",2017,0.090784
"635","Colombia","Basic health infrastructure",2018,0.001888
"636","Europe, regional","Basic health infrastructure",2010,0.463576
"637","Europe, regional","Basic health infrastructure",2014,0.006617
"638","Europe, regional","Basic health infrastructure",2016,0.014147
"639","Europe, regional","Basic health infrastructure",2017,0.009018
"640","Europe, regional","Basic health infrastructure",2018,0.015522
"641","Ethiopia","Basic health infrastructure",2010,0.675714
"642","Ethiopia","Basic health infrastructure",2011,8.80283
"643","Ethiopia","Basic health infrastructure",2012,1.140003
"644","Ethiopia","Basic health infrastructure",2013,5.737264
"645","Ethiopia","Basic health infrastructure",2014,1.553653
"646","Ethiopia","Basic health infrastructure",2015,1.423193
"647","Ethiopia","Basic health infrastructure",2016,2.247832
"648","Ethiopia","Basic health infrastructure",2017,2.486219
"649","Ethiopia","Basic health infrastructure",2018,1.276885
"650","Ethiopia","Basic health infrastructure",2019,0.089372
"651","Serbia","Basic health infrastructure",2010,0.052238
"652","Serbia","Basic health infrastructure",2011,0.302981
"653","Serbia","Basic health infrastructure",2012,0.263047
"654","Serbia","Basic health infrastructure",2013,0.004703
"655","Serbia","Basic health infrastructure",2014,0.076909
"656","Serbia","Basic health infrastructure",2015,0.021712
"657","Serbia","Basic health infrastructure",2016,0.003642
"658","Serbia","Basic health infrastructure",2017,24.855146
"659","Serbia","Basic health infrastructure",2018,0.441937
"660","Serbia","Basic health infrastructure",2019,0.011642
"661","Kiribati","Basic health infrastructure",2012,0.725228
"662","Kiribati","Basic health infrastructure",2013,0.044724
"663","Kiribati","Basic health infrastructure",2014,0.459713
"664","Kiribati","Basic health infrastructure",2015,0.00175
"665","Kiribati","Basic health infrastructure",2017,1.054904
"666","Kiribati","Basic health infrastructure",2018,0.040948
"667","Angola","Basic health infrastructure",2010,0.132644
"668","Angola","Basic health infrastructure",2011,0.324181
"669","Angola","Basic health infrastructure",2012,1.235783
"670","Angola","Basic health infrastructure",2013,0.095116
"671","Angola","Basic health infrastructure",2014,0.118728
"672","Angola","Basic health infrastructure",2015,0.208528
"673","Angola","Basic health infrastructure",2016,0.28682
"674","Angola","Basic health infrastructure",2017,0.132539
"675","Angola","Basic health infrastructure",2018,0.008341
"676","Peru","Basic health infrastructure",2010,3.43272
"677","Peru","Basic health infrastructure",2011,3.077828
"678","Peru","Basic health infrastructure",2012,1.4828
"679","Peru","Basic health infrastructure",2013,7.913447
"680","Peru","Basic health infrastructure",2014,0.013268
"681","Peru","Basic health infrastructure",2015,0.014384
"682","Peru","Basic health infrastructure",2016,0.321493
"683","Peru","Basic health infrastructure",2017,0.088974
"684","Peru","Basic health infrastructure",2018,0.17
"685","Tonga","Basic health infrastructure",2010,22.014416
"686","Tonga","Basic health infrastructure",2012,1.767352
"687","Tonga","Basic health infrastructure",2018,0.002468
"688","Mali","Basic health infrastructure",2010,0.158835
"689","Mali","Basic health infrastructure",2011,10.48426
"690","Mali","Basic health infrastructure",2012,7.929966
"691","Mali","Basic health infrastructure",2013,12.707204
"692","Mali","Basic health infrastructure",2014,0.196382
"693","Mali","Basic health infrastructure",2015,12.674194
"694","Mali","Basic health infrastructure",2016,6.649222
"695","Mali","Basic health infrastructure",2017,1.525241
"696","Mali","Basic health infrastructure",2018,0.926927
"697","Mali","Basic health infrastructure",2019,0.001994
"698","Jordan","Basic health infrastructure",2010,0.018543
"699","Jordan","Basic health infrastructure",2011,0.01989
"700","Jordan","Basic health infrastructure",2012,0.192802
"701","Jordan","Basic health infrastructure",2013,2.097
"702","Jordan","Basic health infrastructure",2015,5.16
"703","Jordan","Basic health infrastructure",2016,0.048142
"704","Jordan","Basic health infrastructure",2018,0.032996
"705","Kosovo","Basic health infrastructure",2010,0.662547
"706","Kosovo","Basic health infrastructure",2011,0.862096
"707","Kosovo","Basic health infrastructure",2012,0.143839
"708","Kosovo","Basic health infrastructure",2013,0.947935
"709","Kosovo","Basic health infrastructure",2014,1.12733
"710","Kosovo","Basic health infrastructure",2015,0.358654
"711","Kosovo","Basic health infrastructure",2016,0.390171
"712","Kosovo","Basic health infrastructure",2017,0.236701
"713","Kosovo","Basic health infrastructure",2018,0.342304
"714","C?te d'Ivoire","Basic health infrastructure",2010,0.318558
"715","C?te d'Ivoire","Basic health infrastructure",2011,0.106571
"716","C?te d'Ivoire","Basic health infrastructure",2012,0.501966
"717","C?te d'Ivoire","Basic health infrastructure",2013,0.343457
"718","C?te d'Ivoire","Basic health infrastructure",2014,0.049092
"719","C?te d'Ivoire","Basic health infrastructure",2015,110.592006
"720","C?te d'Ivoire","Basic health infrastructure",2016,0.375819
"721","C?te d'Ivoire","Basic health infrastructure",2017,0.187229
"722","C?te d'Ivoire","Basic health infrastructure",2018,0.182089
"723","Zimbabwe","Basic health infrastructure",2011,4.004497
"724","Zimbabwe","Basic health infrastructure",2012,0.120036
"725","Zimbabwe","Basic health infrastructure",2013,0.234868
"726","Zimbabwe","Basic health infrastructure",2014,2.050178
"727","Zimbabwe","Basic health infrastructure",2015,0.101109
"728","Zimbabwe","Basic health infrastructure",2016,2.338576
"729","Zimbabwe","Basic health infrastructure",2017,0.199277
"730","Zimbabwe","Basic health infrastructure",2018,1.099977
"731","Zimbabwe","Basic health infrastructure",2019,0.032028
"732","Belarus","Basic health infrastructure",2010,1.028954
"733","Belarus","Basic health infrastructure",2011,0.386091
"734","Belarus","Basic health infrastructure",2012,0.006587
"735","Belarus","Basic health infrastructure",2013,0.005139
"736","Belarus","Basic health infrastructure",2014,0.151388
"737","Belarus","Basic health infrastructure",2016,0.066168
"738","Belarus","Basic health infrastructure",2017,0.063122
"739","Belarus","Basic health infrastructure",2018,0.073174
"740","Belarus","Basic health infrastructure",2019,0.002569
"741","Senegal","Basic health infrastructure",2010,0.798189
"742","Senegal","Basic health infrastructure",2011,1.024564
"743","Senegal","Basic health infrastructure",2012,0.826477
"744","Senegal","Basic health infrastructure",2013,0.655384
"745","Senegal","Basic health infrastructure",2014,6.545851
"746","Senegal","Basic health infrastructure",2015,0.530502
"747","Senegal","Basic health infrastructure",2016,0.695487
"748","Senegal","Basic health infrastructure",2017,0.277453
"749","Senegal","Basic health infrastructure",2018,8.357029
"750","Senegal","Basic health infrastructure",2019,0.002799
"751","Georgia","Basic health infrastructure",2010,0.223269
"752","Georgia","Basic health infrastructure",2011,0.101446
"753","Georgia","Basic health infrastructure",2012,0.003506
"754","Georgia","Basic health infrastructure",2013,0.195786
"755","Georgia","Basic health infrastructure",2015,0.072943
"756","Georgia","Basic health infrastructure",2016,0.044233
"757","Georgia","Basic health infrastructure",2017,0.07962
"758","Georgia","Basic health infrastructure",2018,0.015832
"759","Georgia","Basic health infrastructure",2019,0.044284
"760","Tajikistan","Basic health infrastructure",2010,1.109846
"761","Tajikistan","Basic health infrastructure",2011,1.350152
"762","Tajikistan","Basic health infrastructure",2012,9.099592
"763","Tajikistan","Basic health infrastructure",2013,34.2059
"764","Tajikistan","Basic health infrastructure",2014,19.422972
"765","Tajikistan","Basic health infrastructure",2015,3.318092
"766","Tajikistan","Basic health infrastructure",2016,15.481588
"767","Tajikistan","Basic health infrastructure",2017,1.217673
"768","Tajikistan","Basic health infrastructure",2018,0.38655
"769","Libya","Basic health infrastructure",2018,0.125319
"770","Thailand","Basic health infrastructure",2011,0.010162
"771","Thailand","Basic health infrastructure",2013,0.082234
"772","Thailand","Basic health infrastructure",2014,0.076075
"773","Thailand","Basic health infrastructure",2015,0.038532
"774","Thailand","Basic health infrastructure",2017,0.008846
"775","Thailand","Basic health infrastructure",2018,0.020417
"776","Philippines","Basic health infrastructure",2010,16.951577
"777","Philippines","Basic health infrastructure",2011,0.364421
"778","Philippines","Basic health infrastructure",2012,0.445723
"779","Philippines","Basic health infrastructure",2013,7.169677
"780","Philippines","Basic health infrastructure",2014,43.535571
"781","Philippines","Basic health infrastructure",2015,5.074861
"782","Philippines","Basic health infrastructure",2016,0.011058
"783","Philippines","Basic health infrastructure",2017,4.347367
"784","Philippines","Basic health infrastructure",2018,6.233977
"785","Philippines","Basic health infrastructure",2019,0.002239
"786","Kyrgyzstan","Basic health infrastructure",2010,0.905677
"787","Kyrgyzstan","Basic health infrastructure",2011,0.159236
"788","Kyrgyzstan","Basic health infrastructure",2012,0.776471
"789","Kyrgyzstan","Basic health infrastructure",2013,1.137281
"790","Kyrgyzstan","Basic health infrastructure",2014,2.456931
"791","Kyrgyzstan","Basic health infrastructure",2018,0.03778
"792","Mozambique","Basic health infrastructure",2010,1.879974
"793","Mozambique","Basic health infrastructure",2011,15.889512
"794","Mozambique","Basic health infrastructure",2012,1.907763
"795","Mozambique","Basic health infrastructure",2013,7.899478
"796","Mozambique","Basic health infrastructure",2014,48.986976
"797","Mozambique","Basic health infrastructure",2015,0.578113
"798","Mozambique","Basic health infrastructure",2016,1.713064
"799","Mozambique","Basic health infrastructure",2017,0.802317
"800","Mozambique","Basic health infrastructure",2018,0.056112
"801","Mozambique","Basic health infrastructure",2019,0.137132
"802","Burkina Faso","Basic health infrastructure",2010,7.30421
"803","Burkina Faso","Basic health infrastructure",2011,0.183361
"804","Burkina Faso","Basic health infrastructure",2012,18.934103
"805","Burkina Faso","Basic health infrastructure",2013,0.220619
"806","Burkina Faso","Basic health infrastructure",2014,0.556674
"807","Burkina Faso","Basic health infrastructure",2015,1.334948
"808","Burkina Faso","Basic health infrastructure",2016,0.331711
"809","Burkina Faso","Basic health infrastructure",2017,0.571043
"810","Burkina Faso","Basic health infrastructure",2018,1.431442
"811","Burkina Faso","Basic health infrastructure",2019,0.059622
"812","Lesotho","Basic health infrastructure",2010,9.151971
"813","Lesotho","Basic health infrastructure",2012,0.50241
"814","Lesotho","Basic health infrastructure",2013,31.07921
"815","Lesotho","Basic health infrastructure",2015,0.122538
"816","Lesotho","Basic health infrastructure",2018,0.60455
"817","Viet Nam","Basic health infrastructure",2010,33.550128
"818","Viet Nam","Basic health infrastructure",2011,14.678696
"819","Viet Nam","Basic health infrastructure",2012,1.739705
"820","Viet Nam","Basic health infrastructure",2013,84.787246
"821","Viet Nam","Basic health infrastructure",2014,12.021203
"822","Viet Nam","Basic health infrastructure",2015,30.131808
"823","Viet Nam","Basic health infrastructure",2016,1.007331
"824","Viet Nam","Basic health infrastructure",2017,1.151682
"825","Viet Nam","Basic health infrastructure",2018,10.058297
"826","Viet Nam","Basic health infrastructure",2019,0.755514
"827","Uzbekistan","Basic health infrastructure",2011,0.903979
"828","Uzbekistan","Basic health infrastructure",2012,0.784048
"829","Uzbekistan","Basic health infrastructure",2013,0.391376
"830","Uzbekistan","Basic health infrastructure",2014,0.009635
"831","Uzbekistan","Basic health infrastructure",2018,0.015
"832","Syrian Arab Republic","Basic health infrastructure",2010,0.401736
"833","Syrian Arab Republic","Basic health infrastructure",2011,0.076089
"834","Syrian Arab Republic","Basic health infrastructure",2012,0.011743
"835","Syrian Arab Republic","Basic health infrastructure",2013,0.019822
"836","Syrian Arab Republic","Basic health infrastructure",2014,0.008436
"837","Syrian Arab Republic","Basic health infrastructure",2015,0.03589
"838","Syrian Arab Republic","Basic health infrastructure",2016,0.204578
"839","Syrian Arab Republic","Basic health infrastructure",2017,3.000504
"840","Syrian Arab Republic","Basic health infrastructure",2018,16.614577
"841","Zambia","Basic health infrastructure",2010,0.108658
"842","Zambia","Basic health infrastructure",2011,0.117016
"843","Zambia","Basic health infrastructure",2012,0.033393
"844","Zambia","Basic health infrastructure",2013,21.924232
"845","Zambia","Basic health infrastructure",2014,15.458691
"846","Zambia","Basic health infrastructure",2015,0.925286
"847","Zambia","Basic health infrastructure",2016,0.166477
"848","Zambia","Basic health infrastructure",2017,34.895611
"849","Zambia","Basic health infrastructure",2018,0.204829
"850","Indonesia","Basic health infrastructure",2010,4.736444
"851","Indonesia","Basic health infrastructure",2011,1.300141
"852","Indonesia","Basic health infrastructure",2012,0.579516
"853","Indonesia","Basic health infrastructure",2013,0.189743
"854","Indonesia","Basic health infrastructure",2014,0.894758
"855","Indonesia","Basic health infrastructure",2015,7.756259
"856","Indonesia","Basic health infrastructure",2016,0.022916
"857","Indonesia","Basic health infrastructure",2017,0.304451
"858","Indonesia","Basic health infrastructure",2018,0.218735
"859","Afghanistan","Basic health infrastructure",2010,21.442521
"860","Afghanistan","Basic health infrastructure",2011,25.987314
"861","Afghanistan","Basic health infrastructure",2012,6.399314
"862","Afghanistan","Basic health infrastructure",2013,16.965563
"863","Afghanistan","Basic health infrastructure",2014,9.338962
"864","Afghanistan","Basic health infrastructure",2015,21.130838
"865","Afghanistan","Basic health infrastructure",2016,6.906309
"866","Afghanistan","Basic health infrastructure",2017,12.020642
"867","Afghanistan","Basic health infrastructure",2018,5.637132
"868","Afghanistan","Basic health infrastructure",2019,1.669876
"869","Haiti","Basic health infrastructure",2010,2.671559
"870","Haiti","Basic health infrastructure",2011,25.48417
"871","Haiti","Basic health infrastructure",2012,171.269758
"872","Haiti","Basic health infrastructure",2013,3.663093
"873","Haiti","Basic health infrastructure",2014,8.581968
"874","Haiti","Basic health infrastructure",2015,4.847556
"875","Haiti","Basic health infrastructure",2016,15.429784
"876","Haiti","Basic health infrastructure",2017,0.875278
"877","Haiti","Basic health infrastructure",2018,6.289785
"878","Pakistan","Basic health infrastructure",2010,2.889748
"879","Pakistan","Basic health infrastructure",2011,5.920949
"880","Pakistan","Basic health infrastructure",2012,34.56966
"881","Pakistan","Basic health infrastructure",2013,5.926244
"882","Pakistan","Basic health infrastructure",2014,0.164116
"883","Pakistan","Basic health infrastructure",2015,14.449278
"884","Pakistan","Basic health infrastructure",2016,2.011212
"885","Pakistan","Basic health infrastructure",2017,0.44411
"886","Pakistan","Basic health infrastructure",2018,0.178007
"887","Costa Rica","Basic health infrastructure",2010,0.111187
"888","Costa Rica","Basic health infrastructure",2011,0.018366
"889","Costa Rica","Basic health infrastructure",2012,0.246549
"890","Costa Rica","Basic health infrastructure",2014,0.266084
"891","Costa Rica","Basic health infrastructure",2015,0.276891
"892","Costa Rica","Basic health infrastructure",2016,0.056616
"893","Costa Rica","Basic health infrastructure",2018,2.894724
"894","Turkey","Basic health infrastructure",2010,0.146026
"895","Turkey","Basic health infrastructure",2012,0.119442
"896","Turkey","Basic health infrastructure",2013,1.539299
"897","Turkey","Basic health infrastructure",2014,0.918225
"898","Turkey","Basic health infrastructure",2015,0.049411
"899","Turkey","Basic health infrastructure",2016,55.337495
"900","Turkey","Basic health infrastructure",2017,131.466903
"901","Turkey","Basic health infrastructure",2018,62.335692
"902","Timor-Leste","Basic health infrastructure",2010,0.155909
"903","Timor-Leste","Basic health infrastructure",2013,0.449729
"904","Timor-Leste","Basic health infrastructure",2017,0.130237
"905","Timor-Leste","Basic health infrastructure",2018,0.186747
"906","Mexico","Basic health infrastructure",2010,0.011674
"907","Mexico","Basic health infrastructure",2011,0.402994
"908","Mexico","Basic health infrastructure",2012,0.083946
"909","Mexico","Basic health infrastructure",2013,0.011432
"910","Mexico","Basic health infrastructure",2015,0.578994
"911","Mexico","Basic health infrastructure",2017,0.112485
"912","Mexico","Basic health infrastructure",2018,0.42486
"913","Mexico","Basic health infrastructure",2019,0.336951
"914","Marshall Islands","Basic health infrastructure",2011,0.123829
"915","Marshall Islands","Basic health infrastructure",2012,0.076088
"916","Marshall Islands","Basic health infrastructure",2014,0.073308
"917","Marshall Islands","Basic health infrastructure",2018,0.06229
"918","Micronesia","Basic health infrastructure",2013,0.089208
"919","Micronesia","Basic health infrastructure",2014,0.175401
"920","Micronesia","Basic health infrastructure",2015,0.018881
"921","Micronesia","Basic health infrastructure",2018,0.089643
"922","Guatemala","Basic health infrastructure",2010,0.539702
"923","Guatemala","Basic health infrastructure",2011,3.351967
"924","Guatemala","Basic health infrastructure",2012,0.327233
"925","Guatemala","Basic health infrastructure",2013,0.219506
"926","Guatemala","Basic health infrastructure",2014,0.059295
"927","Guatemala","Basic health infrastructure",2015,0.036319
"928","Guatemala","Basic health infrastructure",2016,0.064858
"929","Guatemala","Basic health infrastructure",2017,0.04363
"930","Guatemala","Basic health infrastructure",2018,79.009979
"931","Eritrea","Basic health infrastructure",2010,0.10596
"932","Eritrea","Basic health infrastructure",2012,0.009049
"933","Eritrea","Basic health infrastructure",2013,0.025018
"934","Eritrea","Basic health infrastructure",2014,0.001325
"935","Eritrea","Basic health infrastructure",2016,0.080725
"936","Eritrea","Basic health infrastructure",2017,40
"937","Eritrea","Basic health infrastructure",2018,0.00059
"938","Eritrea","Basic health infrastructure",2019,0.177155
"939","Sierra Leone","Basic health infrastructure",2010,0.151116
"940","Sierra Leone","Basic health infrastructure",2011,0.186625
"941","Sierra Leone","Basic health infrastructure",2012,0.527244
"942","Sierra Leone","Basic health infrastructure",2013,0.33285
"943","Sierra Leone","Basic health infrastructure",2014,3.524023
"944","Sierra Leone","Basic health infrastructure",2015,0.228648
"945","Sierra Leone","Basic health infrastructure",2016,2.805126
"946","Sierra Leone","Basic health infrastructure",2017,0.019259
"947","Sierra Leone","Basic health infrastructure",2018,0.708113
"948","Sierra Leone","Basic health infrastructure",2019,0.009979
"949","South of Sahara, regional","Basic health infrastructure",2010,4.302775
"950","South of Sahara, regional","Basic health infrastructure",2011,2.377796
"951","South of Sahara, regional","Basic health infrastructure",2012,0.256
"952","South of Sahara, regional","Basic health infrastructure",2013,1.955931
"953","South of Sahara, regional","Basic health infrastructure",2014,0.006617
"954","South of Sahara, regional","Basic health infrastructure",2015,7.82289
"955","South of Sahara, regional","Basic health infrastructure",2016,0.014147
"956","South of Sahara, regional","Basic health infrastructure",2018,1.434196
"957","Far East Asia, Total","Basic health infrastructure",2010,75.504009
"958","Far East Asia, Total","Basic health infrastructure",2011,87.179381
"959","Far East Asia, Total","Basic health infrastructure",2012,142.306787
"960","Far East Asia, Total","Basic health infrastructure",2013,345.433469
"961","Far East Asia, Total","Basic health infrastructure",2014,300.623982
"962","Far East Asia, Total","Basic health infrastructure",2015,116.384111
"963","Far East Asia, Total","Basic health infrastructure",2016,63.168821
"964","Far East Asia, Total","Basic health infrastructure",2017,111.880631
"965","Far East Asia, Total","Basic health infrastructure",2018,248.465946
"966","Far East Asia, Total","Basic health infrastructure",2019,79.476213
"967","South Africa","Basic health infrastructure",2011,1.413481
"968","South Africa","Basic health infrastructure",2012,1.58785
"969","South Africa","Basic health infrastructure",2013,0.022886
"970","South Africa","Basic health infrastructure",2014,0.021212
"971","South Africa","Basic health infrastructure",2015,0.173917
"972","South Africa","Basic health infrastructure",2016,0.275232
"973","South Africa","Basic health infrastructure",2017,0.52957
"974","South Africa","Basic health infrastructure",2018,0.681287
"975","South Africa","Basic health infrastructure",2019,0.017593
"976","South & Central Asia, Total","Basic health infrastructure",2010,99.599526
"977","South & Central Asia, Total","Basic health infrastructure",2011,42.524437
"978","South & Central Asia, Total","Basic health infrastructure",2012,71.624625
"979","South & Central Asia, Total","Basic health infrastructure",2013,124.828557
"980","South & Central Asia, Total","Basic health infrastructure",2014,101.547564
"981","South & Central Asia, Total","Basic health infrastructure",2015,54.94195
"982","South & Central Asia, Total","Basic health infrastructure",2016,284.282003
"983","South & Central Asia, Total","Basic health infrastructure",2017,30.540322
"984","South & Central Asia, Total","Basic health infrastructure",2018,15.732898
"985","South & Central Asia, Total","Basic health infrastructure",2019,1.773622
"986","Guyana","Basic health infrastructure",2013,0.074964
"987","Guyana","Basic health infrastructure",2018,0.290492
"988","Developing countries, unspecified","Basic health infrastructure",2010,2.60301
"989","Developing countries, unspecified","Basic health infrastructure",2011,4.32216
"990","Developing countries, unspecified","Basic health infrastructure",2012,0.203851
"991","Developing countries, unspecified","Basic health infrastructure",2013,0.603492
"992","Developing countries, unspecified","Basic health infrastructure",2014,0.018575
"993","Developing countries, unspecified","Basic health infrastructure",2015,266
"994","Developing countries, unspecified","Basic health infrastructure",2016,0.079798
"995","Developing countries, unspecified","Basic health infrastructure",2017,6.683063
"996","Developing countries, unspecified","Basic health infrastructure",2018,1.022195
"997","Moldova","Basic health infrastructure",2010,82.459211
"998","Moldova","Basic health infrastructure",2011,3.713932
"999","Moldova","Basic health infrastructure",2012,1.511092
"1000","Moldova","Basic health infrastructure",2013,0.42571
"1001","Moldova","Basic health infrastructure",2014,2.03823
"1002","Moldova","Basic health infrastructure",2015,0.1021
"1003","Moldova","Basic health infrastructure",2016,0.047666
"1004","Moldova","Basic health infrastructure",2017,0.024521
"1005","Moldova","Basic health infrastructure",2018,0.081728
"1006","Lebanon","Basic health infrastructure",2010,2.172787
"1007","Lebanon","Basic health infrastructure",2011,0.756576
"1008","Lebanon","Basic health infrastructure",2012,0.028272
"1009","Lebanon","Basic health infrastructure",2013,0.019916
"1010","Lebanon","Basic health infrastructure",2014,0.928751
"1011","Lebanon","Basic health infrastructure",2015,0.48025
"1012","Lebanon","Basic health infrastructure",2016,1.262199
"1013","Lebanon","Basic health infrastructure",2017,0.030614
"1014","Lebanon","Basic health infrastructure",2018,0.090099
"1015","Central African Republic","Basic health infrastructure",2010,0.208878
"1016","Central African Republic","Basic health infrastructure",2011,0.208565
"1017","Central African Republic","Basic health infrastructure",2012,0.280522
"1018","Central African Republic","Basic health infrastructure",2013,0.022734
"1019","Central African Republic","Basic health infrastructure",2015,0.009318
"1020","Central African Republic","Basic health infrastructure",2016,0.340821
"1021","Central African Republic","Basic health infrastructure",2017,0.010618
"1022","Antigua and Barbuda","Basic health infrastructure",2017,0.030466
"1023","Antigua and Barbuda","Basic health infrastructure",2019,0.002941
"1024","Bhutan","Basic health infrastructure",2017,0.147791
"1025","Cuba","Basic health infrastructure",2010,0.533521
"1026","Cuba","Basic health infrastructure",2011,0.07608
"1027","Cuba","Basic health infrastructure",2012,0.134602
"1028","Cuba","Basic health infrastructure",2013,0.023095
"1029","Cuba","Basic health infrastructure",2015,0.400956
"1030","Cuba","Basic health infrastructure",2016,0.003317
"1031","Cuba","Basic health infrastructure",2017,0.009018
"1032","Suriname","Basic health infrastructure",2010,0.046358
"1033","Suriname","Basic health infrastructure",2014,0.026536
"1034","Suriname","Basic health infrastructure",2017,0.101713
"1035","Sri Lanka","Basic health infrastructure",2010,26.278604
"1036","Sri Lanka","Basic health infrastructure",2011,0.2874
"1037","Sri Lanka","Basic health infrastructure",2013,34
"1038","Sri Lanka","Basic health infrastructure",2014,0.054167
"1039","Sri Lanka","Basic health infrastructure",2015,12
"1040","Sri Lanka","Basic health infrastructure",2016,0.01917
"1041","Sri Lanka","Basic health infrastructure",2017,6.572642
"1042","Fiji","Basic health infrastructure",2011,0.146417
"1043","Fiji","Basic health infrastructure",2012,0.003737
"1044","Fiji","Basic health infrastructure",2013,0.027265
"1045","Fiji","Basic health infrastructure",2016,0.011202
"1046","Fiji","Basic health infrastructure",2017,0.021446
"1047","Namibia","Basic health infrastructure",2010,0.694768
"1048","Namibia","Basic health infrastructure",2011,0.380075
"1049","Namibia","Basic health infrastructure",2017,0.003382
"1050","Chad","Basic health infrastructure",2010,0.084483
"1051","Chad","Basic health infrastructure",2011,0.229247
"1052","Chad","Basic health infrastructure",2012,0.025205
"1053","Chad","Basic health infrastructure",2013,0.026323
"1054","Chad","Basic health infrastructure",2014,0.082551
"1055","Chad","Basic health infrastructure",2015,0.109374
"1056","Chad","Basic health infrastructure",2016,0.005529
"1057","Chad","Basic health infrastructure",2017,0.310611
"1058","Guinea-Bissau","Basic health infrastructure",2010,0.762181
"1059","Guinea-Bissau","Basic health infrastructure",2011,0.203665
"1060","Guinea-Bissau","Basic health infrastructure",2012,0.097592
"1061","Guinea-Bissau","Basic health infrastructure",2013,0.004142
"1062","Guinea-Bissau","Basic health infrastructure",2016,0.00944
"1063","Guinea-Bissau","Basic health infrastructure",2017,0.045763
"1064","Sao Tome and Principe","Basic health infrastructure",2013,0.000351
"1065","Sao Tome and Principe","Basic health infrastructure",2017,0.0888
"1066","Congo","Basic health infrastructure",2010,0.047353
"1067","Congo","Basic health infrastructure",2011,8.057056
"1068","Congo","Basic health infrastructure",2012,0.139618
"1069","Congo","Basic health infrastructure",2013,0.009685
"1070","Congo","Basic health infrastructure",2014,0.125762
"1071","Congo","Basic health infrastructure",2015,0.098745
"1072","Congo","Basic health infrastructure",2016,0.008234
"1073","Congo","Basic health infrastructure",2017,0.073532
"1074","Uruguay","Basic health infrastructure",2011,0.148347
"1075","Uruguay","Basic health infrastructure",2012,0.250319
"1076","Uruguay","Basic health infrastructure",2013,0.424388
"1077","Uruguay","Basic health infrastructure",2014,0.210638
"1078","Uruguay","Basic health infrastructure",2015,0.156953
"1079","Uruguay","Basic health infrastructure",2016,0.15881
"1080","Uruguay","Basic health infrastructure",2017,0.088249
"1081","Iran","Basic health infrastructure",2011,0.105938
"1082","Iran","Basic health infrastructure",2015,0.003846
"1083","Iran","Basic health infrastructure",2016,0.000803
"1084","Iran","Basic health infrastructure",2017,0.168616
"1085","Algeria","Basic health infrastructure",2010,0.003974
"1086","Algeria","Basic health infrastructure",2012,0.032134
"1087","Algeria","Basic health infrastructure",2016,0.011916
"1088","Palau","Basic health infrastructure",2013,0.174931
"1089","Palau","Basic health infrastructure",2015,0.096688
"1090","Palau","Basic health infrastructure",2016,0.027693
"1091","Chile","Basic health infrastructure",2010,0.394102
"1092","Chile","Basic health infrastructure",2011,0.22939
"1093","Chile","Basic health infrastructure",2012,0.889203
"1094","Chile","Basic health infrastructure",2013,0.316664
"1095","Chile","Basic health infrastructure",2014,0.246418
"1096","Chile","Basic health infrastructure",2015,0.075194
"1097","Chile","Basic health infrastructure",2016,0.101538
"1098","Venezuela","Basic health infrastructure",2010,0.102412
"1099","Venezuela","Basic health infrastructure",2013,0.080119
"1100","Venezuela","Basic health infrastructure",2014,0.144417
"1101","Venezuela","Basic health infrastructure",2016,0.023435
"1102","Caribbean, regional","Basic health infrastructure",2016,1.131734
"1103","Kazakhstan","Basic health infrastructure",2010,11.050918
"1104","Kazakhstan","Basic health infrastructure",2011,0.428233
"1105","Kazakhstan","Basic health infrastructure",2012,0.165199
"1106","Kazakhstan","Basic health infrastructure",2013,0.142473
"1107","Kazakhstan","Basic health infrastructure",2014,0.313145
"1108","Kazakhstan","Basic health infrastructure",2015,0.20444
"1109","Kazakhstan","Basic health infrastructure",2016,0.013701
"1110","Mauritius","Basic health infrastructure",2012,0.061794
"1111","Mauritius","Basic health infrastructure",2016,0.028841
"1112","Maldives","Basic health infrastructure",2010,8.4
"1113","Maldives","Basic health infrastructure",2015,0.034095
"1114","Maldives","Basic health infrastructure",2016,0.004584
"1115","Saint Vincent and the Grenadines","Basic health infrastructure",2013,0.08088
"1116","Saint Vincent and the Grenadines","Basic health infrastructure",2015,0.098543
"1117","Middle East, regional","Basic health infrastructure",2014,0.265358
"1118","Middle East, regional","Basic health infrastructure",2015,0.266223
"1119","Montenegro","Basic health infrastructure",2010,0.264604
"1120","Montenegro","Basic health infrastructure",2014,0.091253
"1121","Montenegro","Basic health infrastructure",2015,0.007906
"1122","Equatorial Guinea","Basic health infrastructure",2010,0.553642
"1123","Equatorial Guinea","Basic health infrastructure",2013,0.025226
"1124","Eswatini","Basic health infrastructure",2010,0.52356
"1125","Eswatini","Basic health infrastructure",2012,0.033541
"1126","Caribbean & Central America, regional","Basic health infrastructure",2012,0.141269
"1127","Belize","Basic health infrastructure",2012,0.01297
"1128","North of Sahara, regional","Basic health infrastructure",2010,0.75003
"1129","North of Sahara, regional","Basic health infrastructure",2011,0.215644
"1130","Tuvalu","Basic health infrastructure",2010,0.226845
"1131","Tuvalu","Basic health infrastructure",2011,0.162295
"1132","South Asia, regional","Basic health infrastructure",2011,0.045496
"1133","Oceania, regional","Basic health infrastructure",2011,0.010189
"1134","Eastern Africa, Total","Basic health infrastructure",2010,126.209891
"1135","Eastern Africa, Total","Basic health infrastructure",2011,113.473953
"1136","Eastern Africa, Total","Basic health infrastructure",2012,179.550865
"1137","Eastern Africa, Total","Basic health infrastructure",2013,61.735323
"1138","Eastern Africa, Total","Basic health infrastructure",2014,92.745172
"1139","Eastern Africa, Total","Basic health infrastructure",2015,35.338397
"1140","Eastern Africa, Total","Basic health infrastructure",2016,27.638467
"1141","Eastern Africa, Total","Basic health infrastructure",2017,125.815443
"1142","Eastern Africa, Total","Basic health infrastructure",2018,50.079384
"1143","Eastern Africa, Total","Basic health infrastructure",2019,6.793029
"1144","Middle Africa, Total","Basic health infrastructure",2010,28.793293
"1145","Middle Africa, Total","Basic health infrastructure",2011,14.318932
"1146","Middle Africa, Total","Basic health infrastructure",2012,13.146565
"1147","Middle Africa, Total","Basic health infrastructure",2013,1.110316
"1148","Middle Africa, Total","Basic health infrastructure",2014,12.368851
"1149","Middle Africa, Total","Basic health infrastructure",2015,2.746453
"1150","Middle Africa, Total","Basic health infrastructure",2016,6.315129
"1151","Middle Africa, Total","Basic health infrastructure",2017,4.393058
"1152","Middle Africa, Total","Basic health infrastructure",2018,2.740661
"1153","Middle Africa, Total","Basic health infrastructure",2019,0.579886
"1154","Southern Africa, Total","Basic health infrastructure",2010,10.370299
"1155","Southern Africa, Total","Basic health infrastructure",2011,1.793556
"1156","Southern Africa, Total","Basic health infrastructure",2012,2.123801
"1157","Southern Africa, Total","Basic health infrastructure",2013,31.102096
"1158","Southern Africa, Total","Basic health infrastructure",2014,0.021212
"1159","Southern Africa, Total","Basic health infrastructure",2015,0.296455
"1160","Southern Africa, Total","Basic health infrastructure",2016,0.275232
"1161","Southern Africa, Total","Basic health infrastructure",2017,0.532952
"1162","Southern Africa, Total","Basic health infrastructure",2018,1.285837
"1163","Southern Africa, Total","Basic health infrastructure",2019,0.017593
"1164","Western Africa, Total","Basic health infrastructure",2010,30.322039
"1165","Western Africa, Total","Basic health infrastructure",2011,16.339278
"1166","Western Africa, Total","Basic health infrastructure",2012,43.652371
"1167","Western Africa, Total","Basic health infrastructure",2013,17.384894
"1168","Western Africa, Total","Basic health infrastructure",2014,19.498547
"1169","Western Africa, Total","Basic health infrastructure",2015,150.111349
"1170","Western Africa, Total","Basic health infrastructure",2016,13.557663
"1171","Western Africa, Total","Basic health infrastructure",2017,19.646813
"1172","Western Africa, Total","Basic health infrastructure",2018,43.950146
"1173","Western Africa, Total","Basic health infrastructure",2019,16.936764
"1174","Caribbean, Total","Basic health infrastructure",2010,3.54775
"1175","Caribbean, Total","Basic health infrastructure",2011,25.647373
"1176","Caribbean, Total","Basic health infrastructure",2012,171.52097
"1177","Caribbean, Total","Basic health infrastructure",2013,3.871616
"1178","Caribbean, Total","Basic health infrastructure",2014,13.228716
"1179","Caribbean, Total","Basic health infrastructure",2015,5.665898
"1180","Caribbean, Total","Basic health infrastructure",2016,16.748966
"1181","Caribbean, Total","Basic health infrastructure",2017,1.192748
"1182","Caribbean, Total","Basic health infrastructure",2018,8.992853
"1183","Caribbean, Total","Basic health infrastructure",2019,0.002941
"1184","Central America, Total","Basic health infrastructure",2010,1.04046
"1185","Central America, Total","Basic health infrastructure",2011,5.961436
"1186","Central America, Total","Basic health infrastructure",2012,1.912729
"1187","Central America, Total","Basic health infrastructure",2013,4.57498
"1188","Central America, Total","Basic health infrastructure",2014,6.961902
"1189","Central America, Total","Basic health infrastructure",2015,14.647024
"1190","Central America, Total","Basic health infrastructure",2016,0.687806
"1191","Central America, Total","Basic health infrastructure",2017,0.48188
"1192","Central America, Total","Basic health infrastructure",2018,88.539303
"1193","Central America, Total","Basic health infrastructure",2019,0.391541
"1194","Melanesia, Total","Basic health infrastructure",2010,5.642415
"1195","Melanesia, Total","Basic health infrastructure",2011,1.054856
"1196","Melanesia, Total","Basic health infrastructure",2012,0.346438
"1197","Melanesia, Total","Basic health infrastructure",2013,0.285993
"1198","Melanesia, Total","Basic health infrastructure",2014,0.502656
"1199","Melanesia, Total","Basic health infrastructure",2015,32.83143
"1200","Melanesia, Total","Basic health infrastructure",2016,0.115015
"1201","Melanesia, Total","Basic health infrastructure",2017,13.157204
"1202","Melanesia, Total","Basic health infrastructure",2018,16.481498
"1203","Micronesia, Total","Basic health infrastructure",2011,0.123829
"1204","Micronesia, Total","Basic health infrastructure",2012,0.801316
"1205","Micronesia, Total","Basic health infrastructure",2013,0.308863
"1206","Micronesia, Total","Basic health infrastructure",2014,0.708422
"1207","Micronesia, Total","Basic health infrastructure",2015,7.422857
"1208","Micronesia, Total","Basic health infrastructure",2016,0.027693
"1209","Micronesia, Total","Basic health infrastructure",2017,1.098739
"1210","Micronesia, Total","Basic health infrastructure",2018,0.260937
"1211","Polynesia, Total","Basic health infrastructure",2010,22.458145
"1212","Polynesia, Total","Basic health infrastructure",2011,0.162295
"1213","Polynesia, Total","Basic health infrastructure",2012,1.892268
"1214","Polynesia, Total","Basic health infrastructure",2013,3.523724
"1215","Polynesia, Total","Basic health infrastructure",2015,0.108288
"1216","Polynesia, Total","Basic health infrastructure",2017,0.021316
"1217","Polynesia, Total","Basic health infrastructure",2018,0.294536
